contribution,ieee_url,role,file,sha256
akinwale_3dj_01_2310,https://www.ieee802.org/3/dj/public/tools/KR/akinwale_3dj_01_2310.zip,THRU,2_Intel/akinwale_3dj_01_2310/Tx_NPC_250mm_32AWG_BPK_100mm_27AWG_BPK_250mm_32AWG_NPC_Rx_thru1.s4p,80ff80bc8a5bc410ffb4435128d02ac7f5931d2aac720dda1581def99f64eec2
akinwale_3dj_01_2310,https://www.ieee802.org/3/dj/public/tools/KR/akinwale_3dj_01_2310.zip,FEXT,2_Intel/akinwale_3dj_01_2310/Tx_NPC_250mm_32AWG_BPK_100mm_27AWG_BPK_250mm_32AWG_NPC_Rx_xtalk1_Fext.s4p,9d264fa02c804995e5a3121f770818dd9a05954d38bf52ba44de1e0b247e59d2
akinwale_3dj_01_2310,https://www.ieee802.org/3/dj/public/tools/KR/akinwale_3dj_01_2310.zip,FEXT,2_Intel/akinwale_3dj_01_2310/Tx_NPC_250mm_32AWG_BPK_100mm_27AWG_BPK_250mm_32AWG_NPC_Rx_xtalk2_Fext.s4p,ff07387236410352bec56b9eee385aeedb39d05f32c515f60b73473910639f97
akinwale_3dj_01_2310,https://www.ieee802.org/3/dj/public/tools/KR/akinwale_3dj_01_2310.zip,FEXT,2_Intel/akinwale_3dj_01_2310/Tx_NPC_250mm_32AWG_BPK_100mm_27AWG_BPK_250mm_32AWG_NPC_Rx_xtalk3_Fext.s4p,e680a5355ff0f1e7a24854b674be64f151c425e0a48b6a95cb971a37cdc45d3c
akinwale_3dj_01_2310,https://www.ieee802.org/3/dj/public/tools/KR/akinwale_3dj_01_2310.zip,NEXT,2_Intel/akinwale_3dj_01_2310/Tx_NPC_250mm_32AWG_BPK_100mm_27AWG_BPK_250mm_32AWG_NPC_Rx_xtalk4_Next.s4p,1e4655c2fad4cdbb3472f721b466bf821200019ce9b848f2afcc99540e96b28c
akinwale_3dj_01_2310,https://www.ieee802.org/3/dj/public/tools/KR/akinwale_3dj_01_2310.zip,NEXT,2_Intel/akinwale_3dj_01_2310/Tx_NPC_250mm_32AWG_BPK_100mm_27AWG_BPK_250mm_32AWG_NPC_Rx_xtalk5_Next.s4p,6567d0b6af714a1217815fd8c9b7b40a4742772c2dcc70c875767c4f6124212e
akinwale_3dj_01_2310,https://www.ieee802.org/3/dj/public/tools/KR/akinwale_3dj_01_2310.zip,NEXT,2_Intel/akinwale_3dj_01_2310/Tx_NPC_250mm_32AWG_BPK_100mm_27AWG_BPK_250mm_32AWG_NPC_Rx_xtalk6_Next.s4p,a8e35de707c4eabc4962b920f10963fed2c83dce2a1be04445fb65c84f993e3b
akinwale_3dj_01_2310,https://www.ieee802.org/3/dj/public/tools/KR/akinwale_3dj_01_2310.zip,NEXT,2_Intel/akinwale_3dj_01_2310/Tx_NPC_250mm_32AWG_BPK_100mm_27AWG_BPK_250mm_32AWG_NPC_Rx_xtalk7_Next.s4p,8e286f095a4906c4ab9d17fbfcf989bd2c14466e3118fadcc2d36b13db4a3e93
akinwale_3dj_01_2310,https://www.ieee802.org/3/dj/public/tools/KR/akinwale_3dj_01_2310.zip,THRU,2_Intel/akinwale_3dj_01_2310/Tx_NPC_250mm_32AWG_BPK_1200mm_27AWG_BPK_250mm_32AWG_NPC_Rx_thru1.s4p,c37e31e417a36f1dc4bb758d6d12bab2d69fe54fd8c9af42e3bf75d990c7f4a6
akinwale_3dj_01_2310,https://www.ieee802.org/3/dj/public/tools/KR/akinwale_3dj_01_2310.zip,FEXT,2_Intel/akinwale_3dj_01_2310/Tx_NPC_250mm_32AWG_BPK_1200mm_27AWG_BPK_250mm_32AWG_NPC_Rx_xtalk1_Fext.s4p,fc4e1dd57da53b7ac5385f6206a5822cf71303f76a016135c6e68aad5c2f81da
akinwale_3dj_01_2310,https://www.ieee802.org/3/dj/public/tools/KR/akinwale_3dj_01_2310.zip,FEXT,2_Intel/akinwale_3dj_01_2310/Tx_NPC_250mm_32AWG_BPK_1200mm_27AWG_BPK_250mm_32AWG_NPC_Rx_xtalk2_Fext.s4p,d428135af355682f65ea5190fc0e2f7421010d800fb74f6ad2c0b1f681385f5d
akinwale_3dj_01_2310,https://www.ieee802.org/3/dj/public/tools/KR/akinwale_3dj_01_2310.zip,FEXT,2_Intel/akinwale_3dj_01_2310/Tx_NPC_250mm_32AWG_BPK_1200mm_27AWG_BPK_250mm_32AWG_NPC_Rx_xtalk3_Fext.s4p,d636038d99c0fbecbffb97ed6ce14cf51a9724c807c7fcb1ad0a1ee786ff77eb
akinwale_3dj_01_2310,https://www.ieee802.org/3/dj/public/tools/KR/akinwale_3dj_01_2310.zip,NEXT,2_Intel/akinwale_3dj_01_2310/Tx_NPC_250mm_32AWG_BPK_1200mm_27AWG_BPK_250mm_32AWG_NPC_Rx_xtalk4_Next.s4p,92e4703872bcf0803d00ade19cd5dc11ea01cdc35fb3c0ed06a6542cdcb5bcec
akinwale_3dj_01_2310,https://www.ieee802.org/3/dj/public/tools/KR/akinwale_3dj_01_2310.zip,NEXT,2_Intel/akinwale_3dj_01_2310/Tx_NPC_250mm_32AWG_BPK_1200mm_27AWG_BPK_250mm_32AWG_NPC_Rx_xtalk5_Next.s4p,f14b25b2176d30789c36bfcac09232a9ffcfa496ff5de1aa691247fc9db616d6
akinwale_3dj_01_2310,https://www.ieee802.org/3/dj/public/tools/KR/akinwale_3dj_01_2310.zip,NEXT,2_Intel/akinwale_3dj_01_2310/Tx_NPC_250mm_32AWG_BPK_1200mm_27AWG_BPK_250mm_32AWG_NPC_Rx_xtalk6_Next.s4p,f618ff1adf0c6a6afe14a04af67d6200d9771c7361c8789d960362a9a0c6efe4
akinwale_3dj_01_2310,https://www.ieee802.org/3/dj/public/tools/KR/akinwale_3dj_01_2310.zip,NEXT,2_Intel/akinwale_3dj_01_2310/Tx_NPC_250mm_32AWG_BPK_1200mm_27AWG_BPK_250mm_32AWG_NPC_Rx_xtalk7_Next.s4p,d11f691ef2dd52965b328a0586077f20ad78f967e72cde92ce30717756d21fe0
akinwale_3dj_01_2310,https://www.ieee802.org/3/dj/public/tools/KR/akinwale_3dj_01_2310.zip,THRU,2_Intel/akinwale_3dj_01_2310/Tx_NPC_250mm_32AWG_BPK_1400mm_27AWG_BPK_250mm_32AWG_NPC_Rx_thru1.s4p,b82ddb3cad70a71fdc6992b0b5e0f42206040069e18de6d319abf03397501891
akinwale_3dj_01_2310,https://www.ieee802.org/3/dj/public/tools/KR/akinwale_3dj_01_2310.zip,FEXT,2_Intel/akinwale_3dj_01_2310/Tx_NPC_250mm_32AWG_BPK_1400mm_27AWG_BPK_250mm_32AWG_NPC_Rx_xtalk1_Fext.s4p,a80d150a8f409f513656bff77afce934040521d17a3a041ecfe917188efb9aea
akinwale_3dj_01_2310,https://www.ieee802.org/3/dj/public/tools/KR/akinwale_3dj_01_2310.zip,FEXT,2_Intel/akinwale_3dj_01_2310/Tx_NPC_250mm_32AWG_BPK_1400mm_27AWG_BPK_250mm_32AWG_NPC_Rx_xtalk2_Fext.s4p,e07408017a317d8ba120526f6f48db4d2860884f2c25d1c64767855411740a6f
akinwale_3dj_01_2310,https://www.ieee802.org/3/dj/public/tools/KR/akinwale_3dj_01_2310.zip,FEXT,2_Intel/akinwale_3dj_01_2310/Tx_NPC_250mm_32AWG_BPK_1400mm_27AWG_BPK_250mm_32AWG_NPC_Rx_xtalk3_Fext.s4p,a640e8985821f69a9e0fed0b718f8c9a9a3821bdc25c88f4e6454e46a89a065b
akinwale_3dj_01_2310,https://www.ieee802.org/3/dj/public/tools/KR/akinwale_3dj_01_2310.zip,NEXT,2_Intel/akinwale_3dj_01_2310/Tx_NPC_250mm_32AWG_BPK_1400mm_27AWG_BPK_250mm_32AWG_NPC_Rx_xtalk4_Next.s4p,75e05cd35885d33ffff0f1a746e835d724822e231f3d2bac9efeed0816fbdadc
akinwale_3dj_01_2310,https://www.ieee802.org/3/dj/public/tools/KR/akinwale_3dj_01_2310.zip,NEXT,2_Intel/akinwale_3dj_01_2310/Tx_NPC_250mm_32AWG_BPK_1400mm_27AWG_BPK_250mm_32AWG_NPC_Rx_xtalk5_Next.s4p,fe72a8f7753f1682675f362304b3a3921450f8f02b4b159d71c524aef2869a88
akinwale_3dj_01_2310,https://www.ieee802.org/3/dj/public/tools/KR/akinwale_3dj_01_2310.zip,NEXT,2_Intel/akinwale_3dj_01_2310/Tx_NPC_250mm_32AWG_BPK_1400mm_27AWG_BPK_250mm_32AWG_NPC_Rx_xtalk6_Next.s4p,dd474a6d21b89280ade65f75bad123d38cafafbd7b36ba3387df151734d75afd
akinwale_3dj_01_2310,https://www.ieee802.org/3/dj/public/tools/KR/akinwale_3dj_01_2310.zip,NEXT,2_Intel/akinwale_3dj_01_2310/Tx_NPC_250mm_32AWG_BPK_1400mm_27AWG_BPK_250mm_32AWG_NPC_Rx_xtalk7_Next.s4p,0e09013f0a06e18a4727e045c0393545770960ee2fc64bf13175b5b406bb3aa9
akinwale_3dj_01_2310,https://www.ieee802.org/3/dj/public/tools/KR/akinwale_3dj_01_2310.zip,THRU,2_Intel/akinwale_3dj_01_2310/Tx_NPC_250mm_32AWG_BPK_300mm_27AWG_BPK_250mm_32AWG_NPC_Rx_thru1.s4p,f34e135078fd73ff1dd2fee35bce6447df7f6df8ce3c3d00bba68eac9e2d7d8a
akinwale_3dj_01_2310,https://www.ieee802.org/3/dj/public/tools/KR/akinwale_3dj_01_2310.zip,FEXT,2_Intel/akinwale_3dj_01_2310/Tx_NPC_250mm_32AWG_BPK_300mm_27AWG_BPK_250mm_32AWG_NPC_Rx_xtalk1_Fext.s4p,6a29ce9d0d9e220e1346f302386770a40f476bcc0ab77862d29bfd18f0a0967c
akinwale_3dj_01_2310,https://www.ieee802.org/3/dj/public/tools/KR/akinwale_3dj_01_2310.zip,FEXT,2_Intel/akinwale_3dj_01_2310/Tx_NPC_250mm_32AWG_BPK_300mm_27AWG_BPK_250mm_32AWG_NPC_Rx_xtalk2_Fext.s4p,b121682b3ad231284016a7a37902f4b8161d9e29b318a230adecd10f10341ec0
akinwale_3dj_01_2310,https://www.ieee802.org/3/dj/public/tools/KR/akinwale_3dj_01_2310.zip,FEXT,2_Intel/akinwale_3dj_01_2310/Tx_NPC_250mm_32AWG_BPK_300mm_27AWG_BPK_250mm_32AWG_NPC_Rx_xtalk3_Fext.s4p,9747487dd9670ba6291c832a6886dad5fca8cc94a710e25e8211aa38595bd000
akinwale_3dj_01_2310,https://www.ieee802.org/3/dj/public/tools/KR/akinwale_3dj_01_2310.zip,NEXT,2_Intel/akinwale_3dj_01_2310/Tx_NPC_250mm_32AWG_BPK_300mm_27AWG_BPK_250mm_32AWG_NPC_Rx_xtalk4_Next.s4p,bbf1074f1f1f0f2d451b5122f6669505185beed1e46b7fed809242d64055166b
akinwale_3dj_01_2310,https://www.ieee802.org/3/dj/public/tools/KR/akinwale_3dj_01_2310.zip,NEXT,2_Intel/akinwale_3dj_01_2310/Tx_NPC_250mm_32AWG_BPK_300mm_27AWG_BPK_250mm_32AWG_NPC_Rx_xtalk5_Next.s4p,224a696b29ba1b6f13409c780daa6f7c5a220e1588863cc879a213852bacd687
akinwale_3dj_01_2310,https://www.ieee802.org/3/dj/public/tools/KR/akinwale_3dj_01_2310.zip,NEXT,2_Intel/akinwale_3dj_01_2310/Tx_NPC_250mm_32AWG_BPK_300mm_27AWG_BPK_250mm_32AWG_NPC_Rx_xtalk6_Next.s4p,42a6458275a77d2bfe6cb61ace6ebe992661479127900928e9f6d1690b488872
akinwale_3dj_01_2310,https://www.ieee802.org/3/dj/public/tools/KR/akinwale_3dj_01_2310.zip,NEXT,2_Intel/akinwale_3dj_01_2310/Tx_NPC_250mm_32AWG_BPK_300mm_27AWG_BPK_250mm_32AWG_NPC_Rx_xtalk7_Next.s4p,32dd274df13c2c61736571fff13afe50e29f60ad5c0d264cdd35d2a7026f4fac
akinwale_3dj_01_2310,https://www.ieee802.org/3/dj/public/tools/KR/akinwale_3dj_01_2310.zip,THRU,2_Intel/akinwale_3dj_01_2310/Tx_NPC_250mm_32AWG_BPK_500mm_27AWG_BPK_250mm_32AWG_NPC_Rx_thru1.s4p,ccc040f7a6fadad7f4185809f30b3540a76f982e8a177c0a090109e422d15396
akinwale_3dj_01_2310,https://www.ieee802.org/3/dj/public/tools/KR/akinwale_3dj_01_2310.zip,FEXT,2_Intel/akinwale_3dj_01_2310/Tx_NPC_250mm_32AWG_BPK_500mm_27AWG_BPK_250mm_32AWG_NPC_Rx_xtalk1_Fext.s4p,5d05d40b77666a2238d249c1674f7d3bdda7398b0d2a0c8de22774926c170cda
akinwale_3dj_01_2310,https://www.ieee802.org/3/dj/public/tools/KR/akinwale_3dj_01_2310.zip,FEXT,2_Intel/akinwale_3dj_01_2310/Tx_NPC_250mm_32AWG_BPK_500mm_27AWG_BPK_250mm_32AWG_NPC_Rx_xtalk2_Fext.s4p,92d79ede23e002cdc9373f9648c28cdd7211a39ed5db45f07f8c8d4161c6aced
akinwale_3dj_01_2310,https://www.ieee802.org/3/dj/public/tools/KR/akinwale_3dj_01_2310.zip,FEXT,2_Intel/akinwale_3dj_01_2310/Tx_NPC_250mm_32AWG_BPK_500mm_27AWG_BPK_250mm_32AWG_NPC_Rx_xtalk3_Fext.s4p,44c64f579500bab90887c97733f3597c050d3880dbdc904232a9d36c5cc00608
akinwale_3dj_01_2310,https://www.ieee802.org/3/dj/public/tools/KR/akinwale_3dj_01_2310.zip,NEXT,2_Intel/akinwale_3dj_01_2310/Tx_NPC_250mm_32AWG_BPK_500mm_27AWG_BPK_250mm_32AWG_NPC_Rx_xtalk4_Next.s4p,78ab8722ff58158a480615421387887edd7fa5bd0742d4730b8bb10635a5422c
akinwale_3dj_01_2310,https://www.ieee802.org/3/dj/public/tools/KR/akinwale_3dj_01_2310.zip,NEXT,2_Intel/akinwale_3dj_01_2310/Tx_NPC_250mm_32AWG_BPK_500mm_27AWG_BPK_250mm_32AWG_NPC_Rx_xtalk5_Next.s4p,5a6e41843fd59f07568784577898318f54c9d8aea2dcb4f5c3d6bf76be54b51a
akinwale_3dj_01_2310,https://www.ieee802.org/3/dj/public/tools/KR/akinwale_3dj_01_2310.zip,NEXT,2_Intel/akinwale_3dj_01_2310/Tx_NPC_250mm_32AWG_BPK_500mm_27AWG_BPK_250mm_32AWG_NPC_Rx_xtalk6_Next.s4p,eaeed43a74abc20c5d0723b8d9132dcdb90f3b56aa998c478ecf0dd544d4cbb7
akinwale_3dj_01_2310,https://www.ieee802.org/3/dj/public/tools/KR/akinwale_3dj_01_2310.zip,NEXT,2_Intel/akinwale_3dj_01_2310/Tx_NPC_250mm_32AWG_BPK_500mm_27AWG_BPK_250mm_32AWG_NPC_Rx_xtalk7_Next.s4p,818dd7cda1261aaa8bfd8d4ad53a010290690b1d9af90ef731662329427a8504
akinwale_3dj_01_2310,https://www.ieee802.org/3/dj/public/tools/KR/akinwale_3dj_01_2310.zip,THRU,2_Intel/akinwale_3dj_01_2310/Tx_NPC_250mm_32AWG_BPK_700mm_27AWG_BPK_250mm_32AWG_NPC_Rx_thru1.s4p,757f57df53ca60457309de40a9f475803ebb7d91711638ac927a1f1656b7320e
akinwale_3dj_01_2310,https://www.ieee802.org/3/dj/public/tools/KR/akinwale_3dj_01_2310.zip,FEXT,2_Intel/akinwale_3dj_01_2310/Tx_NPC_250mm_32AWG_BPK_700mm_27AWG_BPK_250mm_32AWG_NPC_Rx_xtalk1_Fext.s4p,a760142084c520f1a77dc60192c50f155b355e6cf8732fdf7e07dfe5e3b7de34
akinwale_3dj_01_2310,https://www.ieee802.org/3/dj/public/tools/KR/akinwale_3dj_01_2310.zip,FEXT,2_Intel/akinwale_3dj_01_2310/Tx_NPC_250mm_32AWG_BPK_700mm_27AWG_BPK_250mm_32AWG_NPC_Rx_xtalk2_Fext.s4p,c4d136c9f9fbb80e12fb91369032c554ea59ab0562d689a2e4f57f83dbfae0b5
akinwale_3dj_01_2310,https://www.ieee802.org/3/dj/public/tools/KR/akinwale_3dj_01_2310.zip,FEXT,2_Intel/akinwale_3dj_01_2310/Tx_NPC_250mm_32AWG_BPK_700mm_27AWG_BPK_250mm_32AWG_NPC_Rx_xtalk3_Fext.s4p,cfb53f3a74f69cb0923760810e05ccdf2300221c35acef79a44e87865c91df45
akinwale_3dj_01_2310,https://www.ieee802.org/3/dj/public/tools/KR/akinwale_3dj_01_2310.zip,NEXT,2_Intel/akinwale_3dj_01_2310/Tx_NPC_250mm_32AWG_BPK_700mm_27AWG_BPK_250mm_32AWG_NPC_Rx_xtalk4_Next.s4p,5e25b47dcbb2adde4525d39a690a56855e744aec48b4a67c9afb303b27f4dda3
akinwale_3dj_01_2310,https://www.ieee802.org/3/dj/public/tools/KR/akinwale_3dj_01_2310.zip,NEXT,2_Intel/akinwale_3dj_01_2310/Tx_NPC_250mm_32AWG_BPK_700mm_27AWG_BPK_250mm_32AWG_NPC_Rx_xtalk5_Next.s4p,413022e30dae3e00109bc2cce60678c46eae5c46e6230b3152f506a826c93e65
akinwale_3dj_01_2310,https://www.ieee802.org/3/dj/public/tools/KR/akinwale_3dj_01_2310.zip,NEXT,2_Intel/akinwale_3dj_01_2310/Tx_NPC_250mm_32AWG_BPK_700mm_27AWG_BPK_250mm_32AWG_NPC_Rx_xtalk6_Next.s4p,96616aba2fa9107629e60a44cce299ed9cfbf60e607da31aed325c0809f93221
akinwale_3dj_01_2310,https://www.ieee802.org/3/dj/public/tools/KR/akinwale_3dj_01_2310.zip,NEXT,2_Intel/akinwale_3dj_01_2310/Tx_NPC_250mm_32AWG_BPK_700mm_27AWG_BPK_250mm_32AWG_NPC_Rx_xtalk7_Next.s4p,5b9cb37d63fb18c46443f2be1c6c45de7a8370674571ea05bd475196f053c395
akinwale_3dj_01_2310,https://www.ieee802.org/3/dj/public/tools/KR/akinwale_3dj_01_2310.zip,THRU,2_Intel/akinwale_3dj_01_2310/Tx_NPC_250mm_32AWG_BPK_900mm_27AWG_BPK_250mm_32AWG_NPC_Rx_thru1.s4p,14f05237560589a095d606be454a570bd8d43581cf44c0338da84a35d8df753e
akinwale_3dj_01_2310,https://www.ieee802.org/3/dj/public/tools/KR/akinwale_3dj_01_2310.zip,FEXT,2_Intel/akinwale_3dj_01_2310/Tx_NPC_250mm_32AWG_BPK_900mm_27AWG_BPK_250mm_32AWG_NPC_Rx_xtalk1_Fext.s4p,3435f24a12971f7dfa0541d1854ca987ac204f874b7890e4875e9daaed55e20c
akinwale_3dj_01_2310,https://www.ieee802.org/3/dj/public/tools/KR/akinwale_3dj_01_2310.zip,FEXT,2_Intel/akinwale_3dj_01_2310/Tx_NPC_250mm_32AWG_BPK_900mm_27AWG_BPK_250mm_32AWG_NPC_Rx_xtalk2_Fext.s4p,b64af0b2c75c0c7fcfc9804118296f765253c5ad6be4e02a809bd1cf5258b733
akinwale_3dj_01_2310,https://www.ieee802.org/3/dj/public/tools/KR/akinwale_3dj_01_2310.zip,FEXT,2_Intel/akinwale_3dj_01_2310/Tx_NPC_250mm_32AWG_BPK_900mm_27AWG_BPK_250mm_32AWG_NPC_Rx_xtalk3_Fext.s4p,7d4d19dd7fef452ee5e4ca6c85a29099b5a17f437cad8e46dc4606331ef6e784
akinwale_3dj_01_2310,https://www.ieee802.org/3/dj/public/tools/KR/akinwale_3dj_01_2310.zip,NEXT,2_Intel/akinwale_3dj_01_2310/Tx_NPC_250mm_32AWG_BPK_900mm_27AWG_BPK_250mm_32AWG_NPC_Rx_xtalk4_Next.s4p,56e1ae26a80c5e8df85873870b87b81c0b3018c39cc1e18ae49a612539497b0b
akinwale_3dj_01_2310,https://www.ieee802.org/3/dj/public/tools/KR/akinwale_3dj_01_2310.zip,NEXT,2_Intel/akinwale_3dj_01_2310/Tx_NPC_250mm_32AWG_BPK_900mm_27AWG_BPK_250mm_32AWG_NPC_Rx_xtalk5_Next.s4p,54c19aa56158c6825ef634b3b019ba9508c55668dd53b5d96f68597cdfe0bcc7
akinwale_3dj_01_2310,https://www.ieee802.org/3/dj/public/tools/KR/akinwale_3dj_01_2310.zip,NEXT,2_Intel/akinwale_3dj_01_2310/Tx_NPC_250mm_32AWG_BPK_900mm_27AWG_BPK_250mm_32AWG_NPC_Rx_xtalk6_Next.s4p,88f3e604f5032685bd487c01a8d528c954d9f28f0b395349012c2087199a8284
akinwale_3dj_01_2310,https://www.ieee802.org/3/dj/public/tools/KR/akinwale_3dj_01_2310.zip,NEXT,2_Intel/akinwale_3dj_01_2310/Tx_NPC_250mm_32AWG_BPK_900mm_27AWG_BPK_250mm_32AWG_NPC_Rx_xtalk7_Next.s4p,2822867fe26a77fb1ec70d5f9a833c6195c4798d896ad023cd72d9108ba130a1
akinwale_3dj_02_2311,https://www.ieee802.org/3/dj/public/tools/CR/akinwale_3dj_02_2311.zip,THRU,0_Intel/akinwale_3dj_02_2311/akinwale_3dj_01_2311/0_22dB_VendorX/Tx_PCB_4dB_OSFP_22dB_OSFP_4dB_PCB_Rx_TP0_TP5_VendorX_thru1.s4p,4e7d787f89a4180b4c3c9cd830309556d7c0332e2cab629f393285316a515e28
akinwale_3dj_02_2311,https://www.ieee802.org/3/dj/public/tools/CR/akinwale_3dj_02_2311.zip,FEXT,0_Intel/akinwale_3dj_02_2311/akinwale_3dj_01_2311/0_22dB_VendorX/Tx_PCB_4dB_OSFP_22dB_OSFP_4dB_PCB_Rx_TP0_TP5_VendorX_xtalk1_Fext.s4p,50ddc0ed73bcd519cd6285af112c3543336c1cf944e68e7e74c57c4b12d0f776
akinwale_3dj_02_2311,https://www.ieee802.org/3/dj/public/tools/CR/akinwale_3dj_02_2311.zip,FEXT,0_Intel/akinwale_3dj_02_2311/akinwale_3dj_01_2311/0_22dB_VendorX/Tx_PCB_4dB_OSFP_22dB_OSFP_4dB_PCB_Rx_TP0_TP5_VendorX_xtalk2_Fext.s4p,4daab46464437242d32a95394de9de1c72a81b34736f2945512eae61768697fc
akinwale_3dj_02_2311,https://www.ieee802.org/3/dj/public/tools/CR/akinwale_3dj_02_2311.zip,FEXT,0_Intel/akinwale_3dj_02_2311/akinwale_3dj_01_2311/0_22dB_VendorX/Tx_PCB_4dB_OSFP_22dB_OSFP_4dB_PCB_Rx_TP0_TP5_VendorX_xtalk3_Fext.s4p,8dfee958f31aa5b1eb5622be14c2be447942d12fcd5b335568d53087f7bc208d
akinwale_3dj_02_2311,https://www.ieee802.org/3/dj/public/tools/CR/akinwale_3dj_02_2311.zip,NEXT,0_Intel/akinwale_3dj_02_2311/akinwale_3dj_01_2311/0_22dB_VendorX/Tx_PCB_4dB_OSFP_22dB_OSFP_4dB_PCB_Rx_TP0_TP5_VendorX_xtalk4_Next.s4p,d9ae37afaa927cb0d3f1e3afd852cbd5c1c92d6b43c5bf5b8a1faca2cc53d5aa
akinwale_3dj_02_2311,https://www.ieee802.org/3/dj/public/tools/CR/akinwale_3dj_02_2311.zip,NEXT,0_Intel/akinwale_3dj_02_2311/akinwale_3dj_01_2311/0_22dB_VendorX/Tx_PCB_4dB_OSFP_22dB_OSFP_4dB_PCB_Rx_TP0_TP5_VendorX_xtalk5_Next.s4p,6617f4cd77c9bfbb2e8e5a18d1986c759bcce509264c5fa89b4b82f2676fb366
akinwale_3dj_02_2311,https://www.ieee802.org/3/dj/public/tools/CR/akinwale_3dj_02_2311.zip,THRU,0_Intel/akinwale_3dj_02_2311/akinwale_3dj_01_2311/1_27dB_VendorX/Tx_PCB_4dB_OSFP_27dB_OSFP_4dB_PCB_Rx_TP0_TP5_VendorX_thru1.s4p,63c5ecb375885d805e4845fb1f1618bb5c13ffefa25f4858e615d883c0d4bfcd
akinwale_3dj_02_2311,https://www.ieee802.org/3/dj/public/tools/CR/akinwale_3dj_02_2311.zip,FEXT,0_Intel/akinwale_3dj_02_2311/akinwale_3dj_01_2311/1_27dB_VendorX/Tx_PCB_4dB_OSFP_27dB_OSFP_4dB_PCB_Rx_TP0_TP5_VendorX_xtalk1_Fext.s4p,cef8a87603869797bb8dd053438779ec0a44c5aa859e8ed0048ca32e4de52e80
akinwale_3dj_02_2311,https://www.ieee802.org/3/dj/public/tools/CR/akinwale_3dj_02_2311.zip,FEXT,0_Intel/akinwale_3dj_02_2311/akinwale_3dj_01_2311/1_27dB_VendorX/Tx_PCB_4dB_OSFP_27dB_OSFP_4dB_PCB_Rx_TP0_TP5_VendorX_xtalk2_Fext.s4p,9967ac758ef47cc527bd64d0e73bebae15b2adfe04d31d67471d4100c45acfbc
akinwale_3dj_02_2311,https://www.ieee802.org/3/dj/public/tools/CR/akinwale_3dj_02_2311.zip,FEXT,0_Intel/akinwale_3dj_02_2311/akinwale_3dj_01_2311/1_27dB_VendorX/Tx_PCB_4dB_OSFP_27dB_OSFP_4dB_PCB_Rx_TP0_TP5_VendorX_xtalk3_Fext.s4p,8466c00461cf37b17b025ebb471299ca8075193a67e5aa6aaae7f733cc5f675b
akinwale_3dj_02_2311,https://www.ieee802.org/3/dj/public/tools/CR/akinwale_3dj_02_2311.zip,NEXT,0_Intel/akinwale_3dj_02_2311/akinwale_3dj_01_2311/1_27dB_VendorX/Tx_PCB_4dB_OSFP_27dB_OSFP_4dB_PCB_Rx_TP0_TP5_VendorX_xtalk4_Next.s4p,1f4cb05c598d130a729b9d56b2e6b85a38daae0f59a3d1596fbfc782323fd628
akinwale_3dj_02_2311,https://www.ieee802.org/3/dj/public/tools/CR/akinwale_3dj_02_2311.zip,NEXT,0_Intel/akinwale_3dj_02_2311/akinwale_3dj_01_2311/1_27dB_VendorX/Tx_PCB_4dB_OSFP_27dB_OSFP_4dB_PCB_Rx_TP0_TP5_VendorX_xtalk5_Next.s4p,1821c1ea9970d4234fddba76e726e658e4cfdc8d88670dde91f300c8cb466896
akinwale_3dj_02_2311,https://www.ieee802.org/3/dj/public/tools/CR/akinwale_3dj_02_2311.zip,THRU,0_Intel/akinwale_3dj_02_2311/akinwale_3dj_01_2311/2_22dB_VendorY/Tx_PCB_4dB_OSFP_22dB_OSFP_4dB_PCB_Rx_TP0_TP5_VendorY_thru1.s4p,6412fd67839b12af00de0643fe84f7294dd3ed4f09cca7d0ed5426c4bdd5be39
akinwale_3dj_02_2311,https://www.ieee802.org/3/dj/public/tools/CR/akinwale_3dj_02_2311.zip,FEXT,0_Intel/akinwale_3dj_02_2311/akinwale_3dj_01_2311/2_22dB_VendorY/Tx_PCB_4dB_OSFP_22dB_OSFP_4dB_PCB_Rx_TP0_TP5_VendorY_xtalk1_Fext.s4p,74612d5dc704c3f062a0f1b0981659038051009652605eba8b3c0a1010f428bf
akinwale_3dj_02_2311,https://www.ieee802.org/3/dj/public/tools/CR/akinwale_3dj_02_2311.zip,FEXT,0_Intel/akinwale_3dj_02_2311/akinwale_3dj_01_2311/2_22dB_VendorY/Tx_PCB_4dB_OSFP_22dB_OSFP_4dB_PCB_Rx_TP0_TP5_VendorY_xtalk2_Fext.s4p,5bf63322fad333c2ad2fdd79fe648b30fd579d09b8d68319d380303c9520de81
akinwale_3dj_02_2311,https://www.ieee802.org/3/dj/public/tools/CR/akinwale_3dj_02_2311.zip,FEXT,0_Intel/akinwale_3dj_02_2311/akinwale_3dj_01_2311/2_22dB_VendorY/Tx_PCB_4dB_OSFP_22dB_OSFP_4dB_PCB_Rx_TP0_TP5_VendorY_xtalk3_Fext.s4p,6bd715452554f828fe83459eab100239c24e1cc9e00f249000eb073a45533e08
akinwale_3dj_02_2311,https://www.ieee802.org/3/dj/public/tools/CR/akinwale_3dj_02_2311.zip,NEXT,0_Intel/akinwale_3dj_02_2311/akinwale_3dj_01_2311/2_22dB_VendorY/Tx_PCB_4dB_OSFP_22dB_OSFP_4dB_PCB_Rx_TP0_TP5_VendorY_xtalk4_Next.s4p,df72a75f456286de41992e0028db2c3406b368174fe1caca74e71940e749bd38
akinwale_3dj_02_2311,https://www.ieee802.org/3/dj/public/tools/CR/akinwale_3dj_02_2311.zip,NEXT,0_Intel/akinwale_3dj_02_2311/akinwale_3dj_01_2311/2_22dB_VendorY/Tx_PCB_4dB_OSFP_22dB_OSFP_4dB_PCB_Rx_TP0_TP5_VendorY_xtalk5_Next.s4p,916a5e39bc7f7055d370d945bfd8038c3e8473b487eb0d83484a14f3f60e4d1a
akinwale_3dj_02_2311,https://www.ieee802.org/3/dj/public/tools/CR/akinwale_3dj_02_2311.zip,THRU,0_Intel/akinwale_3dj_02_2311/akinwale_3dj_01_2311/3_27dB_VendorY/Tx_PCB_4dB_OSFP_27dB_OSFP_4dB_PCB_Rx_TP0_TP5_VendorY_thru1.s4p,296df4a0b1b3fc1d0a2dee44c7f45db513e21ac7f7a365b70e47f39d4a3785cd
akinwale_3dj_02_2311,https://www.ieee802.org/3/dj/public/tools/CR/akinwale_3dj_02_2311.zip,FEXT,0_Intel/akinwale_3dj_02_2311/akinwale_3dj_01_2311/3_27dB_VendorY/Tx_PCB_4dB_OSFP_27dB_OSFP_4dB_PCB_Rx_TP0_TP5_VendorY_xtalk1_Fext.s4p,8421f8409413b1dde7c4d6d185e2c80f2a434d7900c79ba4049f15faf9bc5df9
akinwale_3dj_02_2311,https://www.ieee802.org/3/dj/public/tools/CR/akinwale_3dj_02_2311.zip,FEXT,0_Intel/akinwale_3dj_02_2311/akinwale_3dj_01_2311/3_27dB_VendorY/Tx_PCB_4dB_OSFP_27dB_OSFP_4dB_PCB_Rx_TP0_TP5_VendorY_xtalk2_Fext.s4p,d741d925aa4aea5f90bf7a8d16a7c5c0b25e31b85aa62f396946d10877c98cb1
akinwale_3dj_02_2311,https://www.ieee802.org/3/dj/public/tools/CR/akinwale_3dj_02_2311.zip,FEXT,0_Intel/akinwale_3dj_02_2311/akinwale_3dj_01_2311/3_27dB_VendorY/Tx_PCB_4dB_OSFP_27dB_OSFP_4dB_PCB_Rx_TP0_TP5_VendorY_xtalk3_Fext.s4p,1a76c63a8daeab2fe9067cf844e16a60cb4797183b64ea552e4e5385562754ed
akinwale_3dj_02_2311,https://www.ieee802.org/3/dj/public/tools/CR/akinwale_3dj_02_2311.zip,NEXT,0_Intel/akinwale_3dj_02_2311/akinwale_3dj_01_2311/3_27dB_VendorY/Tx_PCB_4dB_OSFP_27dB_OSFP_4dB_PCB_Rx_TP0_TP5_VendorY_xtalk4_Next.s4p,997d07bf9ed6ff35c2228cd1f55e25a90068202b49decd7f3876955f5f3a3469
akinwale_3dj_02_2311,https://www.ieee802.org/3/dj/public/tools/CR/akinwale_3dj_02_2311.zip,NEXT,0_Intel/akinwale_3dj_02_2311/akinwale_3dj_01_2311/3_27dB_VendorY/Tx_PCB_4dB_OSFP_27dB_OSFP_4dB_PCB_Rx_TP0_TP5_VendorY_xtalk5_Next.s4p,6cff3c8172d2e0120da191319438c50f98a2a1316ec0687da290b7c89a5249ca
lim_3dj_03_230629,https://www.ieee802.org/3/dj/public/tools/CR/lim_3dj_03_230629.zip,FEXT,5_Intel_Amphenol/lim_3dj_03_230629/li_dj_CR_DesignA_060523/li_dj_CR_Design_A_Rev1_FEXT1.s4p,f7d8f7d044055696cb7046b4f56e421ddb81fa4c2fc5ca90d7a241f5f428c862
lim_3dj_03_230629,https://www.ieee802.org/3/dj/public/tools/CR/lim_3dj_03_230629.zip,FEXT,5_Intel_Amphenol/lim_3dj_03_230629/li_dj_CR_DesignA_060523/li_dj_CR_Design_A_Rev1_FEXT2.s4p,f7d8f7d044055696cb7046b4f56e421ddb81fa4c2fc5ca90d7a241f5f428c862
lim_3dj_03_230629,https://www.ieee802.org/3/dj/public/tools/CR/lim_3dj_03_230629.zip,NEXT,5_Intel_Amphenol/lim_3dj_03_230629/li_dj_CR_DesignA_060523/li_dj_CR_Design_A_Rev1_NEXT1.s4p,795c4faec75170db808e71d185bcac4b7833663ed9219b4ea0523503df9a0676
lim_3dj_03_230629,https://www.ieee802.org/3/dj/public/tools/CR/lim_3dj_03_230629.zip,THRU,5_Intel_Amphenol/lim_3dj_03_230629/li_dj_CR_DesignA_060523/li_dj_CR_Design_A_Rev1_THRU.s4p,f6a58eff70e2df793bad162ec6ad7a65a111118ebf610cb06486e801ae63b9b9
lim_3dj_04_230629,https://www.ieee802.org/3/dj/public/tools/CR/lim_3dj_04_230629.zip,FEXT,4_Intel_TEConnectivity/lim_3dj_04_230629/li_dj_CR_DesignB_060523/li_dj_CR_Design_B_Rev1_FEXT1.s4p,86a635d37bad29de9c222b3ddd82eb0ffc0cffbc51f9b9c29bbf3456f19da23c
lim_3dj_04_230629,https://www.ieee802.org/3/dj/public/tools/CR/lim_3dj_04_230629.zip,FEXT,4_Intel_TEConnectivity/lim_3dj_04_230629/li_dj_CR_DesignB_060523/li_dj_CR_Design_B_Rev1_FEXT2.s4p,86a635d37bad29de9c222b3ddd82eb0ffc0cffbc51f9b9c29bbf3456f19da23c
lim_3dj_04_230629,https://www.ieee802.org/3/dj/public/tools/CR/lim_3dj_04_230629.zip,NEXT,4_Intel_TEConnectivity/lim_3dj_04_230629/li_dj_CR_DesignB_060523/li_dj_CR_Design_B_Rev1_NEXT1.s4p,91d2a80393f976fdd03ab59b2056c0adbcfb6eaad6e075dff0931798a445d180
lim_3dj_04_230629,https://www.ieee802.org/3/dj/public/tools/CR/lim_3dj_04_230629.zip,THRU,4_Intel_TEConnectivity/lim_3dj_04_230629/li_dj_CR_DesignB_060523/li_dj_CR_Design_B_Rev1_THRU.s4p,bca4d93c98b9fe660f9b23029f62bc270a9a4b624a17b2912cbbac3e6f71038a
lim_3dj_07_2309,https://www.ieee802.org/3/dj/public/tools/CR/lim_3dj_07_2309.zip,FEXT,3_Intel_Molex/lim_3dj_07_2309/li_dj_CR_DesignC_091523/li_dj_CR_DesignC_091523/li_dj_CR_Design_C_Rev1_FEXT1.s4p,ef79aac4cb6d1bec2f49c2841510da44fb6dc1c0e2f45be268937fbe178ab621
lim_3dj_07_2309,https://www.ieee802.org/3/dj/public/tools/CR/lim_3dj_07_2309.zip,FEXT,3_Intel_Molex/lim_3dj_07_2309/li_dj_CR_DesignC_091523/li_dj_CR_DesignC_091523/li_dj_CR_Design_C_Rev1_FEXT2.s4p,ef79aac4cb6d1bec2f49c2841510da44fb6dc1c0e2f45be268937fbe178ab621
lim_3dj_07_2309,https://www.ieee802.org/3/dj/public/tools/CR/lim_3dj_07_2309.zip,NEXT,3_Intel_Molex/lim_3dj_07_2309/li_dj_CR_DesignC_091523/li_dj_CR_DesignC_091523/li_dj_CR_Design_C_Rev1_NEXT1.s4p,aa5c01720deca09b88f3982eb429062a51cbc39a8a52392cb89c2703ceb8ac56
lim_3dj_07_2309,https://www.ieee802.org/3/dj/public/tools/CR/lim_3dj_07_2309.zip,THRU,3_Intel_Molex/lim_3dj_07_2309/li_dj_CR_DesignC_091523/li_dj_CR_DesignC_091523/li_dj_CR_Design_C_Rev1_THRU.s4p,b4bee629a6b1cb3f8d7be2eae15ea4403b0f24e7f40071fdc54b1f013475d96e
weaver_3dj_02_2311,https://www.ieee802.org/3/dj/public/tools/CR/weaver_3dj_02_2311.zip,FEXT,1_Arista/weaver_3dj_02_2311/VendorX_DAC/HH_5in_DAC_X_0p5m_HN_3in/HH_5in_DAC_X_0p5m_HN_3in_FEXT_TP0_Tx5_to_TP5_Rx7.s4p,7265bdf521ccd1954b10a854e426b11f78e0ee60a6abad40fe841803f7d83c66
weaver_3dj_02_2311,https://www.ieee802.org/3/dj/public/tools/CR/weaver_3dj_02_2311.zip,FEXT,1_Arista/weaver_3dj_02_2311/VendorX_DAC/HH_5in_DAC_X_0p5m_HN_3in/HH_5in_DAC_X_0p5m_HN_3in_FEXT_TP0_Tx6_to_TP5_Rx7.s4p,9db7190e3cbf4bc59f62ba56c941095e10bdf50068d1aeab5aff46ef3e179ad6
weaver_3dj_02_2311,https://www.ieee802.org/3/dj/public/tools/CR/weaver_3dj_02_2311.zip,FEXT,1_Arista/weaver_3dj_02_2311/VendorX_DAC/HH_5in_DAC_X_0p5m_HN_3in/HH_5in_DAC_X_0p5m_HN_3in_FEXT_TP0_Tx8_to_TP5_Rx7.s4p,fb63359925f53a38b26d3ea6c786196c575a3764801adaef9715de2a9b473a72
weaver_3dj_02_2311,https://www.ieee802.org/3/dj/public/tools/CR/weaver_3dj_02_2311.zip,NEXT,1_Arista/weaver_3dj_02_2311/VendorX_DAC/HH_5in_DAC_X_0p5m_HN_3in/HH_5in_DAC_X_0p5m_HN_3in_NEXT_TP0_Tx7_to_TP5_Rx7.s4p,7a9f83542cab2937ba73486755e47e39ab9c14579bc8a557e0394ffa7cff1985
weaver_3dj_02_2311,https://www.ieee802.org/3/dj/public/tools/CR/weaver_3dj_02_2311.zip,NEXT,1_Arista/weaver_3dj_02_2311/VendorX_DAC/HH_5in_DAC_X_0p5m_HN_3in/HH_5in_DAC_X_0p5m_HN_3in_NEXT_TP0_Tx8_to_TP5_Tx7.s4p,8a9fd03ecc22380493ce0ca396fa4cdbfe3d63d71e3366c8a4c029af7ced554c
weaver_3dj_02_2311,https://www.ieee802.org/3/dj/public/tools/CR/weaver_3dj_02_2311.zip,THRU,1_Arista/weaver_3dj_02_2311/VendorX_DAC/HH_5in_DAC_X_0p5m_HN_3in/HH_5in_DAC_X_0p5m_HN_3in_thru_TP0_Tx7_to_TP5_Rx7.s4p,795c7e98d67ec5ba522455f805f7dceba32d197ea008c8c7d1a64185f49329b6
weaver_3dj_02_2311,https://www.ieee802.org/3/dj/public/tools/CR/weaver_3dj_02_2311.zip,FEXT,1_Arista/weaver_3dj_02_2311/VendorX_DAC/HH_5in_DAC_X_1p0m_HL_2in/HH_5in_DAC_X_1p0m_HL_2in_FEXT_TP0_Tx5_to_TP5_Rx7.s4p,9f0e216bcbeb0585480aa86f510ba41aaedbbdf975051c7c889be6c1f22e7795
weaver_3dj_02_2311,https://www.ieee802.org/3/dj/public/tools/CR/weaver_3dj_02_2311.zip,FEXT,1_Arista/weaver_3dj_02_2311/VendorX_DAC/HH_5in_DAC_X_1p0m_HL_2in/HH_5in_DAC_X_1p0m_HL_2in_FEXT_TP0_Tx6_to_TP5_Rx7.s4p,b87495679a8a9e6bbe061402e63533136ee03ea98c55df214a05af70253d0601
weaver_3dj_02_2311,https://www.ieee802.org/3/dj/public/tools/CR/weaver_3dj_02_2311.zip,FEXT,1_Arista/weaver_3dj_02_2311/VendorX_DAC/HH_5in_DAC_X_1p0m_HL_2in/HH_5in_DAC_X_1p0m_HL_2in_FEXT_TP0_Tx8_to_TP5_Rx7.s4p,8e9eaf6a06f118d9eb621c1445179507f541061c928cb459d5adce2181df3823
weaver_3dj_02_2311,https://www.ieee802.org/3/dj/public/tools/CR/weaver_3dj_02_2311.zip,NEXT,1_Arista/weaver_3dj_02_2311/VendorX_DAC/HH_5in_DAC_X_1p0m_HL_2in/HH_5in_DAC_X_1p0m_HL_2in_NEXT_TP0_Tx7_to_TP5_Rx7.s4p,a807b21cc20409be88ea7c49e0db469be8cd11cd594f622e8d9118058bd2c951
weaver_3dj_02_2311,https://www.ieee802.org/3/dj/public/tools/CR/weaver_3dj_02_2311.zip,NEXT,1_Arista/weaver_3dj_02_2311/VendorX_DAC/HH_5in_DAC_X_1p0m_HL_2in/HH_5in_DAC_X_1p0m_HL_2in_NEXT_TP0_Tx8_to_TP5_Tx7.s4p,4c0cdfbbec5e0c3561e7f5365bade2baa94c28c664eeb500feb3e95825e5fd36
weaver_3dj_02_2311,https://www.ieee802.org/3/dj/public/tools/CR/weaver_3dj_02_2311.zip,THRU,1_Arista/weaver_3dj_02_2311/VendorX_DAC/HH_5in_DAC_X_1p0m_HL_2in/HH_5in_DAC_X_1p0m_HL_2in_thru_TP0_Tx7_to_TP5_Rx7.s4p,582ea40c2efb940cccf638559f61620a92fc318a45700c5c0618141985c71a7c
weaver_3dj_02_2311,https://www.ieee802.org/3/dj/public/tools/CR/weaver_3dj_02_2311.zip,FEXT,1_Arista/weaver_3dj_02_2311/VendorX_DAC/HN_3in_DAC_X_1p0m_HN_3in/HN_3in_DAC_X_1p0m_HN_3in_FEXT_TP0_Tx5_to_TP5_Rx7.s4p,699e138fbeb45901d2cedb2195e8cc5379f3ae8d7764416d11a076ebf68bc6e2
weaver_3dj_02_2311,https://www.ieee802.org/3/dj/public/tools/CR/weaver_3dj_02_2311.zip,FEXT,1_Arista/weaver_3dj_02_2311/VendorX_DAC/HN_3in_DAC_X_1p0m_HN_3in/HN_3in_DAC_X_1p0m_HN_3in_FEXT_TP0_Tx6_to_TP5_Rx7.s4p,ed36190a3a59fd81cc87ce45c19b28ebe51495871478750c4f9a8dd21355ad06
weaver_3dj_02_2311,https://www.ieee802.org/3/dj/public/tools/CR/weaver_3dj_02_2311.zip,FEXT,1_Arista/weaver_3dj_02_2311/VendorX_DAC/HN_3in_DAC_X_1p0m_HN_3in/HN_3in_DAC_X_1p0m_HN_3in_FEXT_TP0_Tx8_to_TP5_Rx7.s4p,1f1a8a83dfc1da0d037b33b2043bbe23434823a0d006e5f6b5fae7583de30d1b
weaver_3dj_02_2311,https://www.ieee802.org/3/dj/public/tools/CR/weaver_3dj_02_2311.zip,NEXT,1_Arista/weaver_3dj_02_2311/VendorX_DAC/HN_3in_DAC_X_1p0m_HN_3in/HN_3in_DAC_X_1p0m_HN_3in_NEXT_TP0_Tx7_to_TP5_Rx7.s4p,f2141d54137afa859c64df7c0cc15d0feb11c3d2b748ab78de5b226249a1e123
weaver_3dj_02_2311,https://www.ieee802.org/3/dj/public/tools/CR/weaver_3dj_02_2311.zip,NEXT,1_Arista/weaver_3dj_02_2311/VendorX_DAC/HN_3in_DAC_X_1p0m_HN_3in/HN_3in_DAC_X_1p0m_HN_3in_NEXT_TP0_Tx8_to_TP5_Tx7.s4p,6314c08d92893f8d0892d7b41ccb98d4c6edc96c885e791132bffed78c008456
weaver_3dj_02_2311,https://www.ieee802.org/3/dj/public/tools/CR/weaver_3dj_02_2311.zip,THRU,1_Arista/weaver_3dj_02_2311/VendorX_DAC/HN_3in_DAC_X_1p0m_HN_3in/HN_3in_DAC_X_1p0m_HN_3in_thru_TP0_Tx7_to_TP5_Rx7.s4p,f186388f5544069da8cb33f0592de1d2d7fff13004089f548792d7ecf78e118f
weaver_3dj_02_2311,https://www.ieee802.org/3/dj/public/tools/CR/weaver_3dj_02_2311.zip,FEXT,1_Arista/weaver_3dj_02_2311/VendorX_DAC/HN_3in_DAC_X_1p5m_HL_2in/HN_3in_DAC_X_1p5m_HL_2in_FEXT_TP0_Tx5_to_TP5_Rx7.s4p,51b42407e17ab30b1f2bb3c348815dc9ee83bbded07780e8e5e477387573e332
weaver_3dj_02_2311,https://www.ieee802.org/3/dj/public/tools/CR/weaver_3dj_02_2311.zip,FEXT,1_Arista/weaver_3dj_02_2311/VendorX_DAC/HN_3in_DAC_X_1p5m_HL_2in/HN_3in_DAC_X_1p5m_HL_2in_FEXT_TP0_Tx6_to_TP5_Rx7.s4p,cc4a523392774745dc821a7d4993fd13cb0233c066e8142501df09eb5fbe5c91
weaver_3dj_02_2311,https://www.ieee802.org/3/dj/public/tools/CR/weaver_3dj_02_2311.zip,FEXT,1_Arista/weaver_3dj_02_2311/VendorX_DAC/HN_3in_DAC_X_1p5m_HL_2in/HN_3in_DAC_X_1p5m_HL_2in_FEXT_TP0_Tx8_to_TP5_Rx7.s4p,f2cd00497f86773922755cd66701a478575a2c075750443b667ce193bda90c16
weaver_3dj_02_2311,https://www.ieee802.org/3/dj/public/tools/CR/weaver_3dj_02_2311.zip,NEXT,1_Arista/weaver_3dj_02_2311/VendorX_DAC/HN_3in_DAC_X_1p5m_HL_2in/HN_3in_DAC_X_1p5m_HL_2in_NEXT_TP0_Tx7_to_TP5_Rx7.s4p,a03c0dcc84d7863561214948472823a32c0223d01f5f2607f488de477846d73c
weaver_3dj_02_2311,https://www.ieee802.org/3/dj/public/tools/CR/weaver_3dj_02_2311.zip,NEXT,1_Arista/weaver_3dj_02_2311/VendorX_DAC/HN_3in_DAC_X_1p5m_HL_2in/HN_3in_DAC_X_1p5m_HL_2in_NEXT_TP0_Tx8_to_TP5_Tx7.s4p,722ffc7b1dcc41a09012c71038b5b3f44646df6d7bc8edfbc815d4e6f89634de
weaver_3dj_02_2311,https://www.ieee802.org/3/dj/public/tools/CR/weaver_3dj_02_2311.zip,THRU,1_Arista/weaver_3dj_02_2311/VendorX_DAC/HN_3in_DAC_X_1p5m_HL_2in/HN_3in_DAC_X_1p5m_HL_2in_thru_TP0_Tx7_to_TP5_Rx7.s4p,960c89fe3d30682be0441afbcce17093fd6cb994762685a3f4f9b4c42f919ccf
weaver_3dj_02_2311,https://www.ieee802.org/3/dj/public/tools/CR/weaver_3dj_02_2311.zip,FEXT,1_Arista/weaver_3dj_02_2311/VendorY_DAC/HH_5in_DAC_Y_0p5m_HN_3in/HH_5in_DAC_Y_0p5m_HN_3in_FEXT_TP0_Tx5_to_TP5_Rx7.s4p,63ca3cf99de2970f58de2414c1256ed58f261dd88949e3b2b2348cf9e65852a9
weaver_3dj_02_2311,https://www.ieee802.org/3/dj/public/tools/CR/weaver_3dj_02_2311.zip,FEXT,1_Arista/weaver_3dj_02_2311/VendorY_DAC/HH_5in_DAC_Y_0p5m_HN_3in/HH_5in_DAC_Y_0p5m_HN_3in_FEXT_TP0_Tx6_to_TP5_Rx7.s4p,945d5b10539f4f15722c9e6240b13e662b605a80d0a9b8b60feaeb829dff9ef7
weaver_3dj_02_2311,https://www.ieee802.org/3/dj/public/tools/CR/weaver_3dj_02_2311.zip,FEXT,1_Arista/weaver_3dj_02_2311/VendorY_DAC/HH_5in_DAC_Y_0p5m_HN_3in/HH_5in_DAC_Y_0p5m_HN_3in_FEXT_TP0_Tx8_to_TP5_Rx7.s4p,57ff6c596a63d1b7d20a3a8b34db023356efd4bb3d3fa6b0389df19854dc6392
weaver_3dj_02_2311,https://www.ieee802.org/3/dj/public/tools/CR/weaver_3dj_02_2311.zip,NEXT,1_Arista/weaver_3dj_02_2311/VendorY_DAC/HH_5in_DAC_Y_0p5m_HN_3in/HH_5in_DAC_Y_0p5m_HN_3in_NEXT_TP0_Tx7_to_TP5_Rx7.s4p,ec06e6e5dd1ff97f34d2c2e855a3ccd64cea7f04e4e79765ad70793eb397bf90
weaver_3dj_02_2311,https://www.ieee802.org/3/dj/public/tools/CR/weaver_3dj_02_2311.zip,NEXT,1_Arista/weaver_3dj_02_2311/VendorY_DAC/HH_5in_DAC_Y_0p5m_HN_3in/HH_5in_DAC_Y_0p5m_HN_3in_NEXT_TP0_Tx8_to_TP5_Tx7.s4p,35ae95f6d3b3ad97d6d6c83dceef2d2d713d2cbdf574a511df3bbe89dd90e2a3
weaver_3dj_02_2311,https://www.ieee802.org/3/dj/public/tools/CR/weaver_3dj_02_2311.zip,THRU,1_Arista/weaver_3dj_02_2311/VendorY_DAC/HH_5in_DAC_Y_0p5m_HN_3in/HH_5in_DAC_Y_0p5m_HN_3in_thru_TP0_Tx7_to_TP5_Rx7.s4p,0821e9df22e7c16d9e0cfd2dc0bf0150813037f8ab9686d5cadd51e68914ce06
weaver_3dj_02_2311,https://www.ieee802.org/3/dj/public/tools/CR/weaver_3dj_02_2311.zip,FEXT,1_Arista/weaver_3dj_02_2311/VendorY_DAC/HH_5in_DAC_Y_1p0m_HL_2in/HH_5in_DAC_Y_1p0m_HL_2in_FEXT_TP0_Tx5_to_TP5_Rx7.s4p,b70a6144f4e5018dd95cce9dca7e8382a6f434eb3d104548aee0663aa97d179d
weaver_3dj_02_2311,https://www.ieee802.org/3/dj/public/tools/CR/weaver_3dj_02_2311.zip,FEXT,1_Arista/weaver_3dj_02_2311/VendorY_DAC/HH_5in_DAC_Y_1p0m_HL_2in/HH_5in_DAC_Y_1p0m_HL_2in_FEXT_TP0_Tx6_to_TP5_Rx7.s4p,25bc3b10728a2ffafd146813de0b825c314531e01a246816e4c627e070ad88a9
weaver_3dj_02_2311,https://www.ieee802.org/3/dj/public/tools/CR/weaver_3dj_02_2311.zip,FEXT,1_Arista/weaver_3dj_02_2311/VendorY_DAC/HH_5in_DAC_Y_1p0m_HL_2in/HH_5in_DAC_Y_1p0m_HL_2in_FEXT_TP0_Tx8_to_TP5_Rx7.s4p,cafc4d5b509e97e38fbdd75883af04d94a1d8e9c03d57001d723fdfa3cce1035
weaver_3dj_02_2311,https://www.ieee802.org/3/dj/public/tools/CR/weaver_3dj_02_2311.zip,NEXT,1_Arista/weaver_3dj_02_2311/VendorY_DAC/HH_5in_DAC_Y_1p0m_HL_2in/HH_5in_DAC_Y_1p0m_HL_2in_NEXT_TP0_Tx7_to_TP5_Rx7.s4p,aa6d2228a5d59db0d9f3ba0cbd991ea5d0099a2d1f5ae0da18b0ea3d4cbdaf76
weaver_3dj_02_2311,https://www.ieee802.org/3/dj/public/tools/CR/weaver_3dj_02_2311.zip,NEXT,1_Arista/weaver_3dj_02_2311/VendorY_DAC/HH_5in_DAC_Y_1p0m_HL_2in/HH_5in_DAC_Y_1p0m_HL_2in_NEXT_TP0_Tx8_to_TP5_Tx7.s4p,b625a0ffce24a11b056a9d889b73cbbc3edca30b78dc7058ec6755590fa3d714
weaver_3dj_02_2311,https://www.ieee802.org/3/dj/public/tools/CR/weaver_3dj_02_2311.zip,THRU,1_Arista/weaver_3dj_02_2311/VendorY_DAC/HH_5in_DAC_Y_1p0m_HL_2in/HH_5in_DAC_Y_1p0m_HL_2in_thru_TP0_Tx7_to_TP5_Rx7.s4p,a9a530d00eedbf28e89ce950fa1785cecdcb3f7b00d994563bcf1790aa7cb8a5
weaver_3dj_02_2311,https://www.ieee802.org/3/dj/public/tools/CR/weaver_3dj_02_2311.zip,FEXT,1_Arista/weaver_3dj_02_2311/VendorY_DAC/HN_3in_DAC_Y_1p0m_HN_3in/HN_3in_DAC_Y_1p0m_HN_3in_FEXT_TP0_Tx5_to_TP5_Rx7.s4p,13562d475e7300dc451bbf6d58e7121ad7e2579a4b600a4fc477603efa7f1186
weaver_3dj_02_2311,https://www.ieee802.org/3/dj/public/tools/CR/weaver_3dj_02_2311.zip,FEXT,1_Arista/weaver_3dj_02_2311/VendorY_DAC/HN_3in_DAC_Y_1p0m_HN_3in/HN_3in_DAC_Y_1p0m_HN_3in_FEXT_TP0_Tx6_to_TP5_Rx7.s4p,067929c05b5c66c621a9693a348a276d5f9dc177a6330ef23e1626a7eb4cc52d
weaver_3dj_02_2311,https://www.ieee802.org/3/dj/public/tools/CR/weaver_3dj_02_2311.zip,FEXT,1_Arista/weaver_3dj_02_2311/VendorY_DAC/HN_3in_DAC_Y_1p0m_HN_3in/HN_3in_DAC_Y_1p0m_HN_3in_FEXT_TP0_Tx8_to_TP5_Rx7.s4p,5112bc325e2f407cbb382bbfed38a20e366f0c87cb8490be65d5985071f31a48
weaver_3dj_02_2311,https://www.ieee802.org/3/dj/public/tools/CR/weaver_3dj_02_2311.zip,NEXT,1_Arista/weaver_3dj_02_2311/VendorY_DAC/HN_3in_DAC_Y_1p0m_HN_3in/HN_3in_DAC_Y_1p0m_HN_3in_NEXT_TP0_Tx7_to_TP5_Rx7.s4p,22a60df9d8abd078d0b3e8bc8f47fcef518364e3558ec4571a5be41b25b2d5f9
weaver_3dj_02_2311,https://www.ieee802.org/3/dj/public/tools/CR/weaver_3dj_02_2311.zip,NEXT,1_Arista/weaver_3dj_02_2311/VendorY_DAC/HN_3in_DAC_Y_1p0m_HN_3in/HN_3in_DAC_Y_1p0m_HN_3in_NEXT_TP0_Tx8_to_TP5_Tx7.s4p,aa2b069102425b463627fe85be9efdb267b97a369fc3909ff0685680e5dab324
weaver_3dj_02_2311,https://www.ieee802.org/3/dj/public/tools/CR/weaver_3dj_02_2311.zip,THRU,1_Arista/weaver_3dj_02_2311/VendorY_DAC/HN_3in_DAC_Y_1p0m_HN_3in/HN_3in_DAC_Y_1p0m_HN_3in_thru_TP0_Tx7_to_TP5_Rx7.s4p,a35e8f9261b0d2b904aae459502a6de13b51df15d20545d6496d46ba838269e6
weaver_3dj_02_2311,https://www.ieee802.org/3/dj/public/tools/CR/weaver_3dj_02_2311.zip,FEXT,1_Arista/weaver_3dj_02_2311/VendorY_DAC/HN_3in_DAC_Y_1p5m_HL_2in/HN_3in_DAC_Y_1p5m_HL_2in_FEXT_TP0_Tx5_to_TP5_Rx7.s4p,365157744ba77e551f8b8d4eb8acb7bdf0072c9ed7878811862e70c35a38c8b8
weaver_3dj_02_2311,https://www.ieee802.org/3/dj/public/tools/CR/weaver_3dj_02_2311.zip,FEXT,1_Arista/weaver_3dj_02_2311/VendorY_DAC/HN_3in_DAC_Y_1p5m_HL_2in/HN_3in_DAC_Y_1p5m_HL_2in_FEXT_TP0_Tx6_to_TP5_Rx7.s4p,514075e0a46fab188c31f1fbdebabbf63641b21e2d9eb7d7dc647e852ec1ebf1
weaver_3dj_02_2311,https://www.ieee802.org/3/dj/public/tools/CR/weaver_3dj_02_2311.zip,FEXT,1_Arista/weaver_3dj_02_2311/VendorY_DAC/HN_3in_DAC_Y_1p5m_HL_2in/HN_3in_DAC_Y_1p5m_HL_2in_FEXT_TP0_Tx8_to_TP5_Rx7.s4p,2f231d7293ace844a5b24c5b80f35414d7d25e0af5c09a7e75a48b390ac5e871
weaver_3dj_02_2311,https://www.ieee802.org/3/dj/public/tools/CR/weaver_3dj_02_2311.zip,NEXT,1_Arista/weaver_3dj_02_2311/VendorY_DAC/HN_3in_DAC_Y_1p5m_HL_2in/HN_3in_DAC_Y_1p5m_HL_2in_NEXT_TP0_Tx7_to_TP5_Rx7.s4p,b111b4acff233ab904358b3e4118008ba804bc3aeb74edd01ab909c02ac64d84
weaver_3dj_02_2311,https://www.ieee802.org/3/dj/public/tools/CR/weaver_3dj_02_2311.zip,NEXT,1_Arista/weaver_3dj_02_2311/VendorY_DAC/HN_3in_DAC_Y_1p5m_HL_2in/HN_3in_DAC_Y_1p5m_HL_2in_NEXT_TP0_Tx8_to_TP5_Tx7.s4p,c0e0d7d83fb32670f5bb5bb05a0adc39985822b475691bfb2b46b202af7f70de
weaver_3dj_02_2311,https://www.ieee802.org/3/dj/public/tools/CR/weaver_3dj_02_2311.zip,THRU,1_Arista/weaver_3dj_02_2311/VendorY_DAC/HN_3in_DAC_Y_1p5m_HL_2in/HN_3in_DAC_Y_1p5m_HL_2in_thru_TP0_Tx7_to_TP5_Rx7.s4p,ec4707db3e9cc67e4d4a3bdb90f516c06686207bcc3b35e5b6f6b1d88e7ba876
weaver_3dj_02_2311,https://www.ieee802.org/3/dj/public/tools/CR/weaver_3dj_02_2311.zip,FEXT,1_Arista/weaver_3dj_02_2311/VendorZ_DAC/HH_5in_DAC_Z_0p5m_HN_3in/HH_5in_DAC_Z_0p5m_HN_3in_FEXT_TP0_Tx5_to_TP5_Rx7.s4p,e2b4beda72a194cbac0ad5279e962e70071b1f84b907b03519cd4d298f825ae6
weaver_3dj_02_2311,https://www.ieee802.org/3/dj/public/tools/CR/weaver_3dj_02_2311.zip,FEXT,1_Arista/weaver_3dj_02_2311/VendorZ_DAC/HH_5in_DAC_Z_0p5m_HN_3in/HH_5in_DAC_Z_0p5m_HN_3in_FEXT_TP0_Tx6_to_TP5_Rx7.s4p,ba8606c2a1a1b39bb4f12c551ab890cb406d6d4b5a6c55cc38efeffc566d7ba1
weaver_3dj_02_2311,https://www.ieee802.org/3/dj/public/tools/CR/weaver_3dj_02_2311.zip,FEXT,1_Arista/weaver_3dj_02_2311/VendorZ_DAC/HH_5in_DAC_Z_0p5m_HN_3in/HH_5in_DAC_Z_0p5m_HN_3in_FEXT_TP0_Tx8_to_TP5_Rx7.s4p,2ee31d367d30cbc2972c1c19502a05105bc04d04004915ef29b17b800d2150ee
weaver_3dj_02_2311,https://www.ieee802.org/3/dj/public/tools/CR/weaver_3dj_02_2311.zip,NEXT,1_Arista/weaver_3dj_02_2311/VendorZ_DAC/HH_5in_DAC_Z_0p5m_HN_3in/HH_5in_DAC_Z_0p5m_HN_3in_NEXT_TP0_Tx7_to_TP5_Rx7.s4p,8cc0b14be117070c33916f388b10d3f0e4785eaed9d12a1cb504266557697dd8
weaver_3dj_02_2311,https://www.ieee802.org/3/dj/public/tools/CR/weaver_3dj_02_2311.zip,NEXT,1_Arista/weaver_3dj_02_2311/VendorZ_DAC/HH_5in_DAC_Z_0p5m_HN_3in/HH_5in_DAC_Z_0p5m_HN_3in_NEXT_TP0_Tx8_to_TP5_Tx7.s4p,96726d8fa5fb5fdb4f88f65420295bc40417b02f9ea421b9ae7b1c8d5a506233
weaver_3dj_02_2311,https://www.ieee802.org/3/dj/public/tools/CR/weaver_3dj_02_2311.zip,THRU,1_Arista/weaver_3dj_02_2311/VendorZ_DAC/HH_5in_DAC_Z_0p5m_HN_3in/HH_5in_DAC_Z_0p5m_HN_3in_thru_TP0_Tx7_to_TP5_Rx7.s4p,664ce39a93d7a79dd8a2efa91ea4ef313d5beed89a126aef89802dd79e872865
weaver_3dj_02_2311,https://www.ieee802.org/3/dj/public/tools/CR/weaver_3dj_02_2311.zip,FEXT,1_Arista/weaver_3dj_02_2311/VendorZ_DAC/HH_5in_DAC_Z_1p0m_HL_2in/HH_5in_DAC_Z_1p0m_HL_2in_FEXT_TP0_Tx5_to_TP5_Rx7.s4p,332734130f4777b6881c1963e977a1d5cd4bc3cb650ffe0cbc87dcd00c699c6f
weaver_3dj_02_2311,https://www.ieee802.org/3/dj/public/tools/CR/weaver_3dj_02_2311.zip,FEXT,1_Arista/weaver_3dj_02_2311/VendorZ_DAC/HH_5in_DAC_Z_1p0m_HL_2in/HH_5in_DAC_Z_1p0m_HL_2in_FEXT_TP0_Tx6_to_TP5_Rx7.s4p,6d21c16d507f25df0c7bee463b86b7cf656441b3e2c5ba004af0b730b1cc04da
weaver_3dj_02_2311,https://www.ieee802.org/3/dj/public/tools/CR/weaver_3dj_02_2311.zip,FEXT,1_Arista/weaver_3dj_02_2311/VendorZ_DAC/HH_5in_DAC_Z_1p0m_HL_2in/HH_5in_DAC_Z_1p0m_HL_2in_FEXT_TP0_Tx8_to_TP5_Rx7.s4p,6d6a1b4e83c9d31bfb9caed37e48479323cf9a589243e025a3944e752662ebbb
weaver_3dj_02_2311,https://www.ieee802.org/3/dj/public/tools/CR/weaver_3dj_02_2311.zip,NEXT,1_Arista/weaver_3dj_02_2311/VendorZ_DAC/HH_5in_DAC_Z_1p0m_HL_2in/HH_5in_DAC_Z_1p0m_HL_2in_NEXT_TP0_Tx7_to_TP5_Rx7.s4p,7f532413c4b07721ea775054c16715a9a53141fdd8126844f7521d5a74be31e7
weaver_3dj_02_2311,https://www.ieee802.org/3/dj/public/tools/CR/weaver_3dj_02_2311.zip,NEXT,1_Arista/weaver_3dj_02_2311/VendorZ_DAC/HH_5in_DAC_Z_1p0m_HL_2in/HH_5in_DAC_Z_1p0m_HL_2in_NEXT_TP0_Tx8_to_TP5_Tx7.s4p,ba6ac9361c0f3f0f6f7a48b731a694ae44cc885d4f7b788f9be6a4bfb8610ca6
weaver_3dj_02_2311,https://www.ieee802.org/3/dj/public/tools/CR/weaver_3dj_02_2311.zip,THRU,1_Arista/weaver_3dj_02_2311/VendorZ_DAC/HH_5in_DAC_Z_1p0m_HL_2in/HH_5in_DAC_Z_1p0m_HL_2in_thru_TP0_Tx7_to_TP5_Rx7.s4p,6beeb6a487517e5d19a3970f7e87c0bf4dc5ede51c92d56ffa2f9024617caadc
weaver_3dj_02_2311,https://www.ieee802.org/3/dj/public/tools/CR/weaver_3dj_02_2311.zip,FEXT,1_Arista/weaver_3dj_02_2311/VendorZ_DAC/HN_3in_DAC_Z_1p0m_HN_3in/HN_3in_DAC_Z_1p0m_HN_3in_FEXT_TP0_Tx5_to_TP5_Rx7.s4p,40ffdbe9e32d9e3ea93b6239da9e8491e11d02bc58b5d84c186466b4b40ac783
weaver_3dj_02_2311,https://www.ieee802.org/3/dj/public/tools/CR/weaver_3dj_02_2311.zip,FEXT,1_Arista/weaver_3dj_02_2311/VendorZ_DAC/HN_3in_DAC_Z_1p0m_HN_3in/HN_3in_DAC_Z_1p0m_HN_3in_FEXT_TP0_Tx6_to_TP5_Rx7.s4p,94c5a586d595d9729ef96895dfbe6db6f4c73eeb11a335c1735c84e2af27b994
weaver_3dj_02_2311,https://www.ieee802.org/3/dj/public/tools/CR/weaver_3dj_02_2311.zip,FEXT,1_Arista/weaver_3dj_02_2311/VendorZ_DAC/HN_3in_DAC_Z_1p0m_HN_3in/HN_3in_DAC_Z_1p0m_HN_3in_FEXT_TP0_Tx8_to_TP5_Rx7.s4p,79c0880c43557d87502ce39c29f1e0db39e81b5d35c89f5dd6084c9ba888a8e0
weaver_3dj_02_2311,https://www.ieee802.org/3/dj/public/tools/CR/weaver_3dj_02_2311.zip,NEXT,1_Arista/weaver_3dj_02_2311/VendorZ_DAC/HN_3in_DAC_Z_1p0m_HN_3in/HN_3in_DAC_Z_1p0m_HN_3in_NEXT_TP0_Tx7_to_TP5_Rx7.s4p,344a2cb05eeb7130067b724fd2f74b8261e3197f138fc3b24d39c8ef0d028d0e
weaver_3dj_02_2311,https://www.ieee802.org/3/dj/public/tools/CR/weaver_3dj_02_2311.zip,NEXT,1_Arista/weaver_3dj_02_2311/VendorZ_DAC/HN_3in_DAC_Z_1p0m_HN_3in/HN_3in_DAC_Z_1p0m_HN_3in_NEXT_TP0_Tx8_to_TP5_Tx7.s4p,22a1b89edf7fdd5b21d58d732077ad72c991d4d97f26356d829ba27d21f2acb0
weaver_3dj_02_2311,https://www.ieee802.org/3/dj/public/tools/CR/weaver_3dj_02_2311.zip,THRU,1_Arista/weaver_3dj_02_2311/VendorZ_DAC/HN_3in_DAC_Z_1p0m_HN_3in/HN_3in_DAC_Z_1p0m_HN_3in_thru_TP0_Tx7_to_TP5_Rx7.s4p,5d43113b84bfd16c11b64f83d7c1da1dd7bab43c5951870b1385f2a332599c92
weaver_3dj_02_2311,https://www.ieee802.org/3/dj/public/tools/CR/weaver_3dj_02_2311.zip,FEXT,1_Arista/weaver_3dj_02_2311/VendorZ_DAC/HN_3in_DAC_Z_1p5m_HL_2in/HN_3in_DAC_Z_1p5m_HL_2in_FEXT_TP0_Tx5_to_TP5_Rx7.s4p,26f33404c91dcf551bcfb8bd1d2e48bf85fbaae88f149d414d4716397f1e28eb
weaver_3dj_02_2311,https://www.ieee802.org/3/dj/public/tools/CR/weaver_3dj_02_2311.zip,FEXT,1_Arista/weaver_3dj_02_2311/VendorZ_DAC/HN_3in_DAC_Z_1p5m_HL_2in/HN_3in_DAC_Z_1p5m_HL_2in_FEXT_TP0_Tx6_to_TP5_Rx7.s4p,f47f19701573b9eef3e3c2a8527759878f101e77fe1d89c3893dfe8a05ed107d
weaver_3dj_02_2311,https://www.ieee802.org/3/dj/public/tools/CR/weaver_3dj_02_2311.zip,FEXT,1_Arista/weaver_3dj_02_2311/VendorZ_DAC/HN_3in_DAC_Z_1p5m_HL_2in/HN_3in_DAC_Z_1p5m_HL_2in_FEXT_TP0_Tx8_to_TP5_Rx7.s4p,770a558283a6b13d3fbe14a10f6c426b265493030ae8bb220baa7d56dcc27116
weaver_3dj_02_2311,https://www.ieee802.org/3/dj/public/tools/CR/weaver_3dj_02_2311.zip,NEXT,1_Arista/weaver_3dj_02_2311/VendorZ_DAC/HN_3in_DAC_Z_1p5m_HL_2in/HN_3in_DAC_Z_1p5m_HL_2in_NEXT_TP0_Tx7_to_TP5_Rx7.s4p,f15fe796611538f33384a3518082e2acb64dc8c74aee39c4c3ac00de9310feb9
weaver_3dj_02_2311,https://www.ieee802.org/3/dj/public/tools/CR/weaver_3dj_02_2311.zip,NEXT,1_Arista/weaver_3dj_02_2311/VendorZ_DAC/HN_3in_DAC_Z_1p5m_HL_2in/HN_3in_DAC_Z_1p5m_HL_2in_NEXT_TP0_Tx8_to_TP5_Tx7.s4p,812bcfb4fafe58834a4421d49b3f282958fe22fb0b1b390e93545f6386737780
weaver_3dj_02_2311,https://www.ieee802.org/3/dj/public/tools/CR/weaver_3dj_02_2311.zip,THRU,1_Arista/weaver_3dj_02_2311/VendorZ_DAC/HN_3in_DAC_Z_1p5m_HL_2in/HN_3in_DAC_Z_1p5m_HL_2in_thru_TP0_Tx7_to_TP5_Rx7.s4p,b972f2f8639f822c48ce5d397185572f9ca36b3ab2293380149c86c877a66bcc
