port_order,Z11est,Z22est,tfx_estimate,ERL11,ERL22,ERL,ICN_mV,MDNEXT_ICN_92_46_mV,MDFEXT_ICN_92_47_mV,fitted_IL_dB_at_Fnq,cable__assembley_loss,loss_with_PCB,VIP_to_VMP_IL_dB_at_Fnq,IL_dB_channel_only_at_Fnq,VTF_loss_dB_at_Fnq,IL_db_die_to_die_at_Fnq,FOM_TDILN,TD_ILN,FOM_RILN,FOM_ILD,P_signal_sigma_FD,P_signal_FD,SCMR_FD_CD_ch_dB,SCMR_FD_DC_ch_dB,fitted_IL_dB_at_F2_ild,SNR_MDFEXT,VCM_CD_HF_mV,VCM_DC_HF_mV,SCMR_TD_CD_ch_dB,SCMR_CH,SCMR_TD_CD_ch_pk_dB_,SCMR_TD_DC_ch_dB,SCMR_TD_DC_ch_pk_dB_,P_signal_TD,Sigma_ts_sqrd,VMA,file_names,R_diepad,C_diepad,L_comp,C_bump,levels,Pkg_len_TX,Pkg_len_NEXT,Pkg_len_FEXT,Pkg_len_RX,pkg_Z_c,C_v,baud_rate_GHz,f_Nyquist_GHz,BER,FOM,sigma_N,DFE4_RSS,DFE2_RSS,tail_RSS,channel_operating_margin_dB,available_signal_after_eq_mV,peak_uneq_pulse_mV,uneq_FIR_peak_time,steady_state_voltage_mV,steady_state_voltage_weq_mV,sigma_bn,Peak_ISI_XTK_and_Noise_interference_at_BER_mV,peak_ISI_XTK_interference_at_BER_mV,peak_ISI_interference_at_BER_mV,equivalent_ICI_sigma_assuming_PDF_is_Gaussian_mV,peak_MDXTK_interference_at_BER_mV,peak_MDNEXT_interference_at_BER_mV,peak_MDFEXT_interference_at_BER_mV,equivalent_ICN_assuming_Gaussian_PDF_mV,SNR_ISI_XTK_normalized_1_sigma,SNR_ISI_est,Pmax_by_Vf_est,Tr_measured_from_step_ps,CTLE_zero_poles,CTLE_DC_gain_dB,g_DC_HP,HP_poles_zero,TXLE_taps,Pre2Pmax,DFE_taps,floating_tap_locations,RxFFE,RxFFEgain,itick,error_propagation_probability,burst_probabilities,sgm_Ani__isi_xt_noise,sgm_isi_xt,sgm_noise__gaussian_noise_p_DD,sgm_p_DD,sgm_gaussian_noise,sgm_G,sgm_rjit,sgm_N,sgm_TX,sgm_isi,sgm_xt,sgm_Q,sigma_before_clip,peak_clip,P2ptopsigma_clip,VEC_dB,VEO_mV,EW_UI_est,eye_contour,VEO_window_mUI,sigma_ACCM_at_tp0_mV,sigma_AC_CCM_at_rxpkg_output_mV,COM_orig,delta_COM,DER_DFE,DER_MLSE,COM_dB,DER_thresh
[1. 3. 2. 4.],96.49130156023828,96.26584876764643,,13.555614105321613,10.463367429754786,10.463367429754786,1.0173928373572119,0.8514411973346475,0.5568986200262124,29.15265656760357,,,35.989481591818794,29.34447110341617,37.652326805243895,33.23028966359748,,,,0.2992198831866712,0.2738790077946663,0.07500971091059087,25.602161465895726,27.538089892299805,36.268148729621494,51.95140214102496,15.100000000000001,10.700000000000001,25.206275829394574,25.206275829394574,21.9820199220566,28.198139221553767,24.973883314215794,0.07561038988816272,0.07561038988816272,,"KR_pkgA_ 0_22dB_VendorX--Tx_PCB_4dB_OSFP_22dB_OSFP_4dB_PCB_Rx_TP0_TP5_VendorX_thru1,KR_pkgA_ 0_22dB_VendorX--Tx_PCB_4dB_OSFP_22dB_OSFP_4dB_PCB_Rx_TP0_TP5_VendorX_xtalk1_Fext,KR_pkgA_ 0_22dB_VendorX--Tx_PCB_4dB_OSFP_22dB_OSFP_4dB_PCB_Rx_TP0_TP5_VendorX_xtalk2_Fext,KR_pkgA_ 0_22dB_VendorX--Tx_PCB_4dB_OSFP_22dB_OSFP_4dB_PCB_Rx_TP0_TP5_VendorX_xtalk3_Fext,KR_pkgA_ 0_22dB_VendorX--Tx_PCB_4dB_OSFP_22dB_OSFP_4dB_PCB_Rx_TP0_TP5_VendorX_xtalk4_Next,KR_pkgA_ 0_22dB_VendorX--Tx_PCB_4dB_OSFP_22dB_OSFP_4dB_PCB_Rx_TP0_TP5_VendorX_xtalk5_Next",[46.25 46.25],"[[4.0e-14 9.0e-14 1.1e-13]
 [4.0e-14 9.0e-14 1.1e-13]]","[[1.3e-10 1.5e-10 1.4e-10]
 [1.3e-10 1.5e-10 1.4e-10]]",[3.e-14 3.e-14],4,[12.   1.8  0.   0. ],[12.   1.8  0.   0. ],[12.   1.8  0.   0. ],[12.   1.8  0.   0. ],"[[ 87.5  95.  100.  100. ]
 [ 87.5  95.  100.  100. ]]",[0. 0.],106.25,53.125,0.0002,12.094255868167654,0.0005065980312129719,0.0,0.0,0.0,2.8958986848732575,5.374290304016864,60.09004193822,1.1222058823529412e-08,119.04310876051785,29.96769064041469,,4.509029565070149,3.25681992423422,2.8000052483927864,0.7909432112936651,1.62840996211711,1.5746670590769414,0.3869489018892142,0.459991925186143,15.330818367936178,29.192244059572058,0.5047754764125382,13.235294117647058,[4.2500e+10 1.0625e+11 4.2500e+10],-20.0,-2.0,1328125000.0,[0. 0. 1. 0.],-0.0,0.8420108271485084,[21 22 23 24 25 26 27 28],"[-0.06220314  0.17574197 -0.34429701  0.50899485 -0.47551638 -0.12692877
  1.          0.24011796  0.16746588  0.04721425  0.06080671  0.01239482
  0.0213183   0.00987208  0.00883868  0.          0.          0.
  0.          0.          0.00333889 -0.03825897  0.05       -0.02091554
 -0.04348586  0.05       -0.02297206 -0.00550083  0.          0.
  0.          0.          0.          0.          0.          0.
  0.          0.          0.          0.          0.          0.
  0.          0.          0.          0.          0.          0.
  0.          0.          0.          0.          0.          0.
  0.          0.          0.          0.          0.          0.
  0.          0.          0.          0.          0.          0.
  0.          0.          0.          0.          0.          0.
  0.          0.          0.          0.          0.          0.
  0.          0.          0.          0.          0.          0.
  0.          0.          0.        ]",0,-6,,,0.0012799267445884961,0.0009281898805174012,0.0008116234333291055,0.0003814989098462151,0.0007163736310858131,0.0007163736310336756,0.00019013350609656008,0.0005065980312129719,0.0004694665737525332,0.000803200227046802,0.00046519442125506934,0.00039534223054871903,0.014153188091615705,0.04313942827034337,6.096072205229719,10.948376227366536,1.7305214778934301,0.0,,0,,,1.5247607834259944,1.371137901447263,1.188409305311384e-05,3.5261014150184136e-07,2.8958986848732575,0.0014655728506629217
