port_order,Z11est,Z22est,tfx_estimate,ERL11,ERL22,ERL,ICN_mV,MDNEXT_ICN_92_46_mV,MDFEXT_ICN_92_47_mV,fitted_IL_dB_at_Fnq,cable__assembley_loss,loss_with_PCB,VIP_to_VMP_IL_dB_at_Fnq,IL_dB_channel_only_at_Fnq,VTF_loss_dB_at_Fnq,IL_db_die_to_die_at_Fnq,FOM_TDILN,TD_ILN,FOM_RILN,FOM_ILD,P_signal_sigma_FD,P_signal_FD,SCMR_FD_CD_ch_dB,SCMR_FD_DC_ch_dB,fitted_IL_dB_at_F2_ild,VCM_CD_HF_mV,VCM_DC_HF_mV,SCMR_TD_CD_ch_dB,SCMR_CH,SCMR_TD_CD_ch_pk_dB_,SCMR_TD_DC_ch_dB,SCMR_TD_DC_ch_pk_dB_,P_signal_TD,Sigma_ts_sqrd,VMA,file_names,R_diepad,C_diepad,L_comp,C_bump,levels,Pkg_len_TX,Pkg_len_NEXT,Pkg_len_FEXT,Pkg_len_RX,pkg_Z_c,C_v,baud_rate_GHz,f_Nyquist_GHz,BER,FOM,sigma_N,DFE4_RSS,DFE2_RSS,tail_RSS,channel_operating_margin_dB,available_signal_after_eq_mV,peak_uneq_pulse_mV,uneq_FIR_peak_time,steady_state_voltage_mV,steady_state_voltage_weq_mV,sigma_bn,Peak_ISI_XTK_and_Noise_interference_at_BER_mV,peak_ISI_XTK_interference_at_BER_mV,peak_ISI_interference_at_BER_mV,equivalent_ICI_sigma_assuming_PDF_is_Gaussian_mV,peak_MDXTK_interference_at_BER_mV,peak_MDNEXT_interference_at_BER_mV,peak_MDFEXT_interference_at_BER_mV,equivalent_ICN_assuming_PDF_is_Gaussian_mV,SNR_ISI_XTK_normalized_1_sigma,SNR_ISI_est,Pmax_by_Vf_est,Tr_measured_from_step_ps,CTLE_zero_poles,CTLE_DC_gain_dB,g_DC_HP,HP_poles_zero,TXLE_taps,Pre2Pmax,DFE_taps,floating_tap_locations,RxFFE,RxFFEgain,itick,error_propagation_probability,burst_probabilities,sgm_Ani__isi_xt_noise,sgm_isi_xt,sgm_noise__gaussian_noise_p_DD,sgm_p_DD,sgm_gaussian_noise,sgm_G,sgm_rjit,sgm_N,sgm_TX,sgm_isi,sgm_xt,sgm_Q,sigma_before_clip,peak_clip,P2ptopsigma_clip,VEC_dB,VEO_mV,EW_UI_est,eye_contour,VEO_window_mUI,sigma_ACCM_at_tp0_mV,sigma_AC_CCM_at_rxpkg_output_mV,COM_orig,delta_COM,DER_DFE,DER_MLSE,COM_dB,DER_thresh
[1. 3. 2. 4.],96.49130156023828,96.26584876764643,,13.555614105321613,10.463367429754786,10.463367429754786,0.0,0,0,29.15265656760357,,,35.989481591818794,29.34447110341617,37.652326805243895,33.23028966359748,,,,0.2992198831866712,0.2738790077946663,0.07500971091059087,25.602161465895726,27.538089892299805,36.268148729621494,15.100000000000001,10.700000000000001,25.206275829394574,25.206275829394574,21.9820199220566,28.198139221553767,24.973883314215794,0.07561038988816272,0.07561038988816272,,KR_pkgA_ 0_22dB_VendorX--Tx_PCB_4dB_OSFP_22dB_OSFP_4dB_PCB_Rx_TP0_TP5_VendorX_thru1,[46.25 46.25],"[[4.0e-14 9.0e-14 1.1e-13]
 [4.0e-14 9.0e-14 1.1e-13]]","[[1.3e-10 1.5e-10 1.4e-10]
 [1.3e-10 1.5e-10 1.4e-10]]",[3.e-14 3.e-14],4,[12.   1.8  0.   0. ],[12.   1.8  0.   0. ],[12.   1.8  0.   0. ],[12.   1.8  0.   0. ],"[[ 87.5  95.  100.  100. ]
 [ 87.5  95.  100.  100. ]]",[0. 0.],106.25,53.125,0.0002,12.69786661399972,0.0005352711906422697,0.0,0.0,0.0,3.507002840250303,5.4814199656959355,60.09004193822,1.1222058823529412e-08,119.04310876051785,29.608609455723652,,4.2864704131742215,2.801005602470623,2.801005602470623,0.7912257905021179,0.0,0.0,0.0,0,16.811852848567646,29.306904448309513,0.5047754764125382,13.235294117647058,[4.2500e+10 1.0625e+11 4.2500e+10],-20.0,-2.0,1328125000.0,[ 0.   -0.02  0.98  0.  ],0.02040816326530614,0.7956462712960669,[21 22 23 24 25 26 27 28],"[-7.01282835e-02  1.93615059e-01 -3.75945752e-01  5.60464693e-01
 -5.53130415e-01 -4.51194657e-02  1.00000000e+00  2.38079609e-01
  1.80681127e-01  3.46543132e-02  7.59915000e-02  1.86997674e-05
  3.14038456e-02  4.48567404e-03  1.10211002e-02  0.00000000e+00
  0.00000000e+00  0.00000000e+00  0.00000000e+00  0.00000000e+00
  2.96564443e-03 -4.00065990e-02  5.00000000e-02 -3.04521856e-02
 -3.51720474e-02  5.00000000e-02 -2.17019687e-02 -6.09356818e-03
  0.00000000e+00  0.00000000e+00  0.00000000e+00  0.00000000e+00
  0.00000000e+00  0.00000000e+00  0.00000000e+00  0.00000000e+00
  0.00000000e+00  0.00000000e+00  0.00000000e+00  0.00000000e+00
  0.00000000e+00  0.00000000e+00  0.00000000e+00  0.00000000e+00
  0.00000000e+00  0.00000000e+00  0.00000000e+00  0.00000000e+00
  0.00000000e+00  0.00000000e+00  0.00000000e+00  0.00000000e+00
  0.00000000e+00  0.00000000e+00  0.00000000e+00  0.00000000e+00
  0.00000000e+00  0.00000000e+00  0.00000000e+00  0.00000000e+00
  0.00000000e+00  0.00000000e+00  0.00000000e+00  0.00000000e+00
  0.00000000e+00  0.00000000e+00  0.00000000e+00  0.00000000e+00
  0.00000000e+00  0.00000000e+00  0.00000000e+00  0.00000000e+00
  0.00000000e+00  0.00000000e+00  0.00000000e+00  0.00000000e+00
  0.00000000e+00  0.00000000e+00  0.00000000e+00  0.00000000e+00
  0.00000000e+00  0.00000000e+00  0.00000000e+00  0.00000000e+00
  0.00000000e+00  0.00000000e+00  0.00000000e+00]",0,-6,,,0.0012181081388247252,0.0008049293048565673,0.0008385900861604603,0.0003834839956386646,0.0007457703116212209,0.0007457703115739169,0.00019194931687377753,0.0005352711906422697,0.000482507585272143,0.0008049293048565673,0.0,0.0003811704481473062,0.013705956868945279,0.04159301469970075,6.069333954193522,9.572145874933105,2.389899105043428,0.0,,0,,,2.13586493880304,1.371137901447263,2.736054121163357e-06,4.464748957627516e-08,3.507002840250303,0.0007028724392670951
